Passenger_Count,Unit_Cost,haul,Origin_DOH,Origin_JFK,Origin_LHR,Origin_MEX,Origin_NRT,Origin_ZRH,Product_BRD001,Product_CHO050,Product_COF200,Product_CRK075,Product_DRK023,Product_DRK024,Product_HTB110,Product_JCE200,Product_NUT030,Product_SNK001,Percentage_Returned,day,flights,passengers,max capacity,Avg_Pass_Per_Flight_Day,Load_vs_Daily_Avg,Month,DayOfWeek
272,0.35,2,True,False,False,False,False,False,True,False,False,False,False,False,False,False,False,False,0.327683615819209,0.0,0.0,0.0,0.0,0.0,0.0,,
272,0.8,2,True,False,False,False,False,False,False,True,False,False,False,False,False,False,False,False,0.32653061224489793,0.0,0.0,0.0,0.0,0.0,0.0,,
272,0.75,2,True,False,False,False,False,False,False,False,False,True,False,False,False,False,False,False,0.2748091603053435,0.0,0.0,0.0,0.0,0.0,0.0,,
272,0.45,2,True,False,False,False,False,False,False,False,False,False,True,False,False,False,False,False,0.18048780487804877,0.0,0.0,0.0,0.0,0.0,0.0,,
272,0.5,2,True,False,False,False,False,False,False,False,False,False,False,True,False,False,False,False,0.48223350253807107,0.0,0.0,0.0,0.0,0.0,0.0,9.0,4.0
272,0.55,2,True,False,False,False,False,False,False,False,False,False,False,False,False,True,False,False,0.4199134199134199,0.0,0.0,0.0,0.0,0.0,0.0,9.0,4.0
272,2.1,2,True,False,False,False,False,False,False,False,False,False,False,False,False,False,False,True,0.22905027932960895,0.0,0.0,0.0,0.0,0.0,0.0,9.0,4.0
289,0.8,3,False,True,False,False,False,False,False,True,False,False,False,False,False,False,False,False,0.32515337423312884,0.0,0.0,0.0,0.0,0.0,0.0,9.0,4.0
289,0.08,3,False,True,False,False,False,False,False,False,True,False,False,False,False,False,False,False,0.20422535211267606,0.0,0.0,0.0,0.0,0.0,0.0,9.0,4.0
289,0.75,3,False,True,False,False,False,False,False,False,False,True,False,False,False,False,False,False,0.19463087248322147,0.0,0.0,0.0,0.0,0.0,0.0,9.0,4.0
289,0.45,3,False,True,False,False,False,False,False,False,False,False,True,False,False,False,False,False,0.468,0.0,0.0,0.0,0.0,0.0,0.0,9.0,4.0
289,0.5,3,False,True,False,False,False,False,False,False,False,False,False,True,False,False,False,False,0.3811659192825112,0.0,0.0,0.0,0.0,0.0,0.0,,
289,0.55,3,False,True,False,False,False,False,False,False,False,False,False,False,False,True,False,False,0.22065727699530516,0.0,0.0,0.0,0.0,0.0,0.0,,
292,0.35,3,False,False,False,False,True,False,True,False,False,False,False,False,False,False,False,False,0.23076923076923078,0.0,0.0,0.0,0.0,0.0,0.0,,
292,0.8,3,False,False,False,False,True,False,False,True,False,False,False,False,False,False,False,False,0.2802547770700637,0.0,0.0,0.0,0.0,0.0,0.0,,
292,0.75,3,False,False,False,False,True,False,False,False,False,True,False,False,False,False,False,False,0.20279720279720279,0.0,0.0,0.0,0.0,0.0,0.0,,
292,0.45,3,False,False,False,False,True,False,False,False,False,False,True,False,False,False,False,False,0.41706161137440756,0.0,0.0,0.0,0.0,0.0,0.0,,
292,0.5,3,False,False,False,False,True,False,False,False,False,False,False,True,False,False,False,False,0.19402985074626866,0.0,0.0,0.0,0.0,0.0,0.0,9.0,4.0
292,0.55,3,False,False,False,False,True,False,False,False,False,False,False,False,False,True,False,False,0.38188976377952755,0.0,0.0,0.0,0.0,0.0,0.0,9.0,4.0
292,0.65,3,False,False,False,False,True,False,False,False,False,False,False,False,False,False,True,False,0.4927536231884058,0.0,0.0,0.0,0.0,0.0,0.0,9.0,4.0
133,0.35,1,False,False,False,False,False,True,True,False,False,False,False,False,False,False,False,False,0.1978021978021978,0.0,0.0,0.0,0.0,0.0,0.0,9.0,4.0
133,0.75,1,False,False,False,False,False,True,False,False,False,True,False,False,False,False,False,False,0.3,0.0,0.0,0.0,0.0,0.0,0.0,9.0,4.0
133,0.45,1,False,False,False,False,False,True,False,False,False,False,True,False,False,False,False,False,0.44339622641509435,0.0,0.0,0.0,0.0,0.0,0.0,9.0,4.0
133,0.5,1,False,False,False,False,False,True,False,False,False,False,False,True,False,False,False,False,0.14150943396226415,0.0,0.0,0.0,0.0,0.0,0.0,,
133,0.55,1,False,False,False,False,False,True,False,False,False,False,False,False,False,True,False,False,0.17592592592592593,0.0,0.0,0.0,0.0,0.0,0.0,,
133,2.1,1,False,False,False,False,False,True,False,False,False,False,False,False,False,False,False,True,0.4583333333333333,0.0,0.0,0.0,0.0,0.0,0.0,,
154,0.35,1,False,False,False,False,False,True,True,False,False,False,False,False,False,False,False,False,0.25,0.0,0.0,0.0,0.0,0.0,0.0,,
154,0.08,1,False,False,False,False,False,True,False,False,True,False,False,False,False,False,False,False,0.18309859154929578,0.0,0.0,0.0,0.0,0.0,0.0,,
154,0.45,1,False,False,False,False,False,True,False,False,False,False,True,False,False,False,False,False,0.275,0.0,0.0,0.0,0.0,0.0,0.0,,
154,0.06,1,False,False,False,False,False,True,False,False,False,False,False,False,True,False,False,False,0.4788732394366197,0.0,0.0,0.0,0.0,0.0,0.0,,
154,0.55,1,False,False,False,False,False,True,False,False,False,False,False,False,False,True,False,False,0.48148148148148145,0.0,0.0,0.0,0.0,0.0,0.0,,
154,0.65,1,False,False,False,False,False,True,False,False,False,False,False,False,False,False,True,False,0.27848101265822783,0.0,0.0,0.0,0.0,0.0,0.0,,
154,2.1,1,False,False,False,False,False,True,False,False,False,False,False,False,False,False,False,True,0.38235294117647056,0.0,0.0,0.0,0.0,0.0,0.0,,
317,0.8,3,False,True,False,False,False,False,False,True,False,False,False,False,False,False,False,False,0.2119205298013245,0.0,0.0,0.0,0.0,0.0,0.0,,
317,0.75,3,False,True,False,False,False,False,False,False,False,True,False,False,False,False,False,False,0.327683615819209,0.0,0.0,0.0,0.0,0.0,0.0,,
317,0.5,3,False,True,False,False,False,False,False,False,False,False,False,True,False,False,False,False,0.2857142857142857,0.0,0.0,0.0,0.0,0.0,0.0,,
317,0.06,3,False,True,False,False,False,False,False,False,False,False,False,False,True,False,False,False,0.2986111111111111,0.0,0.0,0.0,0.0,0.0,0.0,,
317,0.65,3,False,True,False,False,False,False,False,False,False,False,False,False,False,False,True,False,0.44047619047619047,0.0,0.0,0.0,0.0,0.0,0.0,,
317,2.1,3,False,True,False,False,False,False,False,False,False,False,False,False,False,False,False,True,0.45161290322580644,0.0,0.0,0.0,0.0,0.0,0.0,,
314,0.35,3,False,True,False,False,False,False,True,False,False,False,False,False,False,False,False,False,0.23115577889447236,0.0,0.0,0.0,0.0,0.0,0.0,,
314,0.8,3,False,True,False,False,False,False,False,True,False,False,False,False,False,False,False,False,0.3096774193548387,0.0,0.0,0.0,0.0,0.0,0.0,,
314,0.08,3,False,True,False,False,False,False,False,False,True,False,False,False,False,False,False,False,0.32679738562091504,0.0,0.0,0.0,0.0,0.0,0.0,,
314,0.55,3,False,True,False,False,False,False,False,False,False,False,False,False,False,True,False,False,0.43529411764705883,0.0,0.0,0.0,0.0,0.0,0.0,,
314,0.65,3,False,True,False,False,False,False,False,False,False,False,False,False,False,False,True,False,0.3248407643312102,0.0,0.0,0.0,0.0,0.0,0.0,,
150,0.35,1,False,False,True,False,False,False,True,False,False,False,False,False,False,False,False,False,0.1935483870967742,0.0,0.0,0.0,0.0,0.0,0.0,,
150,0.8,1,False,False,True,False,False,False,False,True,False,False,False,False,False,False,False,False,0.42857142857142855,0.0,0.0,0.0,0.0,0.0,0.0,,
150,0.06,1,False,False,True,False,False,False,False,False,False,False,False,False,True,False,False,False,0.27710843373493976,0.0,0.0,0.0,0.0,0.0,0.0,,
150,0.65,1,False,False,True,False,False,False,False,False,False,False,False,False,False,False,True,False,0.12857142857142856,0.0,0.0,0.0,0.0,0.0,0.0,,
316,0.35,3,False,False,False,True,False,False,True,False,False,False,False,False,False,False,False,False,0.3263157894736842,0.0,0.0,0.0,0.0,0.0,0.0,,
316,0.8,3,False,False,False,True,False,False,False,True,False,False,False,False,False,False,False,False,0.3072289156626506,0.0,0.0,0.0,0.0,0.0,0.0,9.0,4.0
316,0.08,3,False,False,False,True,False,False,False,False,True,False,False,False,False,False,False,False,0.37662337662337664,0.0,0.0,0.0,0.0,0.0,0.0,9.0,4.0
316,0.45,3,False,False,False,True,False,False,False,False,False,False,True,False,False,False,False,False,0.29914529914529914,0.0,0.0,0.0,0.0,0.0,0.0,9.0,4.0
316,0.5,3,False,False,False,True,False,False,False,False,False,False,False,True,False,False,False,False,0.376425855513308,0.0,0.0,0.0,0.0,0.0,0.0,9.0,4.0
316,0.06,3,False,False,False,True,False,False,False,False,False,False,False,False,True,False,False,False,0.36666666666666664,0.0,0.0,0.0,0.0,0.0,0.0,9.0,4.0
316,0.65,3,False,False,False,True,False,False,False,False,False,False,False,False,False,False,True,False,0.23333333333333334,0.0,0.0,0.0,0.0,0.0,0.0,9.0,4.0
336,0.35,3,False,False,False,False,True,False,True,False,False,False,False,False,False,False,False,False,0.178743961352657,0.0,0.0,0.0,0.0,0.0,0.0,9.0,4.0
336,0.08,3,False,False,False,False,True,False,False,False,True,False,False,False,False,False,False,False,0.3493975903614458,0.0,0.0,0.0,0.0,0.0,0.0,9.0,4.0
336,0.06,3,False,False,False,False,True,False,False,False,False,False,False,False,True,False,False,False,0.2459016393442623,0.0,0.0,0.0,0.0,0.0,0.0,9.0,4.0
336,0.55,3,False,False,False,False,True,False,False,False,False,False,False,False,False,True,False,False,0.3443708609271523,0.0,0.0,0.0,0.0,0.0,0.0,9.0,4.0
336,0.65,3,False,False,False,False,True,False,False,False,False,False,False,False,False,False,True,False,0.2,0.0,0.0,0.0,0.0,0.0,0.0,9.0,4.0
336,2.1,3,False,False,False,False,True,False,False,False,False,False,False,False,False,False,False,True,0.30735930735930733,0.0,0.0,0.0,0.0,0.0,0.0,9.0,4.0
311,0.35,3,False,False,False,False,True,False,True,False,False,False,False,False,False,False,False,False,0.37790697674418605,0.0,0.0,0.0,0.0,0.0,0.0,9.0,4.0
311,0.8,3,False,False,False,False,True,False,False,True,False,False,False,False,False,False,False,False,0.3191489361702128,0.0,0.0,0.0,0.0,0.0,0.0,9.0,4.0
311,0.08,3,False,False,False,False,True,False,False,False,True,False,False,False,False,False,False,False,0.1488095238095238,0.0,0.0,0.0,0.0,0.0,0.0,9.0,4.0
311,0.75,3,False,False,False,False,True,False,False,False,False,True,False,False,False,False,False,False,0.3125,0.0,0.0,0.0,0.0,0.0,0.0,9.0,4.0
311,0.06,3,False,False,False,False,True,False,False,False,False,False,False,False,True,False,False,False,0.22602739726027396,0.0,0.0,0.0,0.0,0.0,0.0,9.0,4.0
311,0.65,3,False,False,False,False,True,False,False,False,False,False,False,False,False,False,True,False,0.23863636363636365,0.0,0.0,0.0,0.0,0.0,0.0,9.0,4.0
311,2.1,3,False,False,False,False,True,False,False,False,False,False,False,False,False,False,False,True,0.18095238095238095,0.0,0.0,0.0,0.0,0.0,0.0,9.0,4.0
141,0.35,1,False,False,False,False,False,True,True,False,False,False,False,False,False,False,False,False,0.4090909090909091,0.0,0.0,0.0,0.0,0.0,0.0,9.0,4.0
141,0.8,1,False,False,False,False,False,True,False,True,False,False,False,False,False,False,False,False,0.37142857142857144,0.0,0.0,0.0,0.0,0.0,0.0,,
141,0.08,1,False,False,False,False,False,True,False,False,True,False,False,False,False,False,False,False,0.18461538461538463,0.0,0.0,0.0,0.0,0.0,0.0,,
141,0.75,1,False,False,False,False,False,True,False,False,False,True,False,False,False,False,False,False,0.3924050632911392,0.0,0.0,0.0,0.0,0.0,0.0,,
141,0.45,1,False,False,False,False,False,True,False,False,False,False,True,False,False,False,False,False,0.3875968992248062,0.0,0.0,0.0,0.0,0.0,0.0,,
141,0.65,1,False,False,False,False,False,True,False,False,False,False,False,False,False,False,True,False,0.47761194029850745,0.0,0.0,0.0,0.0,0.0,0.0,,
141,2.1,1,False,False,False,False,False,True,False,False,False,False,False,False,False,False,False,True,0.35802469135802467,0.0,0.0,0.0,0.0,0.0,0.0,,
249,0.8,2,True,False,False,False,False,False,False,True,False,False,False,False,False,False,False,False,0.3770491803278688,0.0,0.0,0.0,0.0,0.0,0.0,,
249,0.75,2,True,False,False,False,False,False,False,False,False,True,False,False,False,False,False,False,0.2727272727272727,0.0,0.0,0.0,0.0,0.0,0.0,,
249,0.55,2,True,False,False,False,False,False,False,False,False,False,False,False,False,True,False,False,0.34977578475336324,0.0,0.0,0.0,0.0,0.0,0.0,,
249,0.65,2,True,False,False,False,False,False,False,False,False,False,False,False,False,False,True,False,0.17647058823529413,0.0,0.0,0.0,0.0,0.0,0.0,,
249,2.1,2,True,False,False,False,False,False,False,False,False,False,False,False,False,False,False,True,0.375,0.0,0.0,0.0,0.0,0.0,0.0,,
252,0.8,2,True,False,False,False,False,False,False,True,False,False,False,False,False,False,False,False,0.47863247863247865,0.0,0.0,0.0,0.0,0.0,0.0,,
252,0.45,2,True,False,False,False,False,False,False,False,False,False,True,False,False,False,False,False,0.14537444933920704,0.0,0.0,0.0,0.0,0.0,0.0,9.0,5.0
252,0.5,2,True,False,False,False,False,False,False,False,False,False,False,True,False,False,False,False,0.42857142857142855,0.0,0.0,0.0,0.0,0.0,0.0,9.0,5.0
252,0.55,2,True,False,False,False,False,False,False,False,False,False,False,False,False,True,False,False,0.4336734693877551,0.0,0.0,0.0,0.0,0.0,0.0,9.0,5.0
308,0.35,3,False,True,False,False,False,False,True,False,False,False,False,False,False,False,False,False,0.16,0.0,0.0,0.0,0.0,0.0,0.0,9.0,5.0
308,0.5,3,False,True,False,False,False,False,False,False,False,False,False,True,False,False,False,False,0.21370967741935484,0.0,0.0,0.0,0.0,0.0,0.0,9.0,5.0
308,0.06,3,False,True,False,False,False,False,False,False,False,False,False,False,True,False,False,False,0.16455696202531644,0.0,0.0,0.0,0.0,0.0,0.0,9.0,5.0
308,0.65,3,False,True,False,False,False,False,False,False,False,False,False,False,False,False,True,False,0.4,0.0,0.0,0.0,0.0,0.0,0.0,9.0,5.0
146,0.75,1,False,False,True,False,False,False,False,False,False,True,False,False,False,False,False,False,0.2727272727272727,0.0,0.0,0.0,0.0,0.0,0.0,9.0,5.0
146,0.55,1,False,False,True,False,False,False,False,False,False,False,False,False,False,True,False,False,0.37735849056603776,0.0,0.0,0.0,0.0,0.0,0.0,9.0,5.0
146,0.65,1,False,False,True,False,False,False,False,False,False,False,False,False,False,False,True,False,0.1875,0.0,0.0,0.0,0.0,0.0,0.0,9.0,5.0
146,2.1,1,False,False,True,False,False,False,False,False,False,False,False,False,False,False,False,True,0.3793103448275862,0.0,0.0,0.0,0.0,0.0,0.0,9.0,5.0
306,0.8,3,False,False,False,True,False,False,False,True,False,False,False,False,False,False,False,False,0.3611111111111111,0.0,0.0,0.0,0.0,0.0,0.0,9.0,5.0
306,0.06,3,False,False,False,True,False,False,False,False,False,False,False,False,True,False,False,False,0.22602739726027396,0.0,0.0,0.0,0.0,0.0,0.0,9.0,5.0
306,0.65,3,False,False,False,True,False,False,False,False,False,False,False,False,False,False,True,False,0.2916666666666667,0.0,0.0,0.0,0.0,0.0,0.0,9.0,5.0
306,2.1,3,False,False,False,True,False,False,False,False,False,False,False,False,False,False,False,True,0.49404761904761907,0.0,0.0,0.0,0.0,0.0,0.0,9.0,5.0
293,0.35,3,False,False,False,True,False,False,True,False,False,False,False,False,False,False,False,False,0.34673366834170855,0.0,0.0,0.0,0.0,0.0,0.0,,
293,0.8,3,False,False,False,True,False,False,False,True,False,False,False,False,False,False,False,False,0.3458646616541353,0.0,0.0,0.0,0.0,0.0,0.0,,
293,0.75,3,False,False,False,True,False,False,False,False,False,True,False,False,False,False,False,False,0.3106060606060606,0.0,0.0,0.0,0.0,0.0,0.0,,
293,0.55,3,False,False,False,True,False,False,False,False,False,False,False,False,False,True,False,False,0.20599250936329588,0.0,0.0,0.0,0.0,0.0,0.0,,
367,0.8,3,False,False,False,False,True,False,False,True,False,False,False,False,False,False,False,False,0.5,0.0,0.0,0.0,0.0,0.0,0.0,,
367,0.08,3,False,False,False,False,True,False,False,False,True,False,False,False,False,False,False,False,0.16908212560386474,0.0,0.0,0.0,0.0,0.0,0.0,9.0,5.0
367,0.75,3,False,False,False,False,True,False,False,False,False,True,False,False,False,False,False,False,0.40718562874251496,0.0,0.0,0.0,0.0,0.0,0.0,9.0,5.0
367,2.1,3,False,False,False,False,True,False,False,False,False,False,False,False,False,False,False,True,0.2693877551020408,0.0,0.0,0.0,0.0,0.0,0.0,9.0,5.0
297,0.75,3,False,False,False,False,True,False,False,False,False,True,False,False,False,False,False,False,0.22435897435897437,0.0,0.0,0.0,0.0,0.0,0.0,9.0,5.0
297,0.45,3,False,False,False,False,True,False,False,False,False,False,True,False,False,False,False,False,0.42792792792792794,0.0,0.0,0.0,0.0,0.0,0.0,9.0,5.0
297,0.5,3,False,False,False,False,True,False,False,False,False,False,False,True,False,False,False,False,0.40225563909774437,0.0,0.0,0.0,0.0,0.0,0.0,9.0,5.0
297,0.06,3,False,False,False,False,True,False,False,False,False,False,False,False,True,False,False,False,0.43356643356643354,0.0,0.0,0.0,0.0,0.0,0.0,9.0,5.0
135,0.35,1,False,False,False,False,False,True,True,False,False,False,False,False,False,False,False,False,0.43373493975903615,0.0,0.0,0.0,0.0,0.0,0.0,,
135,0.08,1,False,False,False,False,False,True,False,False,True,False,False,False,False,False,False,False,0.3188405797101449,0.0,0.0,0.0,0.0,0.0,0.0,,
135,0.45,1,False,False,False,False,False,True,False,False,False,False,True,False,False,False,False,False,0.211864406779661,0.0,0.0,0.0,0.0,0.0,0.0,,
135,0.06,1,False,False,False,False,False,True,False,False,False,False,False,False,True,False,False,False,0.2535211267605634,0.0,0.0,0.0,0.0,0.0,0.0,,
135,0.55,1,False,False,False,False,False,True,False,False,False,False,False,False,False,True,False,False,0.3055555555555556,0.0,0.0,0.0,0.0,0.0,0.0,9.0,5.0
135,0.65,1,False,False,False,False,False,True,False,False,False,False,False,False,False,False,True,False,0.2,0.0,0.0,0.0,0.0,0.0,0.0,9.0,5.0
135,2.1,1,False,False,False,False,False,True,False,False,False,False,False,False,False,False,False,True,0.2976190476190476,0.0,0.0,0.0,0.0,0.0,0.0,9.0,5.0
276,0.35,2,True,False,False,False,False,False,True,False,False,False,False,False,False,False,False,False,0.17721518987341772,0.0,0.0,0.0,0.0,0.0,0.0,9.0,5.0
276,0.08,2,True,False,False,False,False,False,False,False,True,False,False,False,False,False,False,False,0.1875,0.0,0.0,0.0,0.0,0.0,0.0,9.0,5.0
276,0.45,2,True,False,False,False,False,False,False,False,False,False,True,False,False,False,False,False,0.40789473684210525,0.0,0.0,0.0,0.0,0.0,0.0,9.0,5.0
276,0.65,2,True,False,False,False,False,False,False,False,False,False,False,False,False,False,True,False,0.26573426573426573,0.0,0.0,0.0,0.0,0.0,0.0,9.0,5.0
225,0.8,2,True,False,False,False,False,False,False,True,False,False,False,False,False,False,False,False,0.40336134453781514,0.0,0.0,0.0,0.0,0.0,0.0,9.0,5.0
225,0.75,2,True,False,False,False,False,False,False,False,False,True,False,False,False,False,False,False,0.39622641509433965,0.0,0.0,0.0,0.0,0.0,0.0,9.0,5.0
225,0.45,2,True,False,False,False,False,False,False,False,False,False,True,False,False,False,False,False,0.18085106382978725,0.0,0.0,0.0,0.0,0.0,0.0,9.0,5.0
225,0.5,2,True,False,False,False,False,False,False,False,False,False,False,True,False,False,False,False,0.31088082901554404,0.0,0.0,0.0,0.0,0.0,0.0,9.0,5.0
225,0.55,2,True,False,False,False,False,False,False,False,False,False,False,False,False,True,False,False,0.22164948453608246,0.0,0.0,0.0,0.0,0.0,0.0,9.0,5.0
225,0.65,2,True,False,False,False,False,False,False,False,False,False,False,False,False,False,True,False,0.34615384615384615,0.0,0.0,0.0,0.0,0.0,0.0,9.0,5.0
225,2.1,2,True,False,False,False,False,False,False,False,False,False,False,False,False,False,False,True,0.16666666666666666,0.0,0.0,0.0,0.0,0.0,0.0,,
301,0.35,3,False,True,False,False,False,False,True,False,False,False,False,False,False,False,False,False,0.19095477386934673,0.0,0.0,0.0,0.0,0.0,0.0,,
301,0.8,3,False,True,False,False,False,False,False,True,False,False,False,False,False,False,False,False,0.3081761006289308,0.0,0.0,0.0,0.0,0.0,0.0,,
301,0.08,3,False,True,False,False,False,False,False,False,True,False,False,False,False,False,False,False,0.19333333333333333,0.0,0.0,0.0,0.0,0.0,0.0,,
301,0.5,3,False,True,False,False,False,False,False,False,False,False,False,True,False,False,False,False,0.22072072072072071,0.0,0.0,0.0,0.0,0.0,0.0,,
301,0.55,3,False,True,False,False,False,False,False,False,False,False,False,False,False,True,False,False,0.33181818181818185,0.0,0.0,0.0,0.0,0.0,0.0,,
311,0.8,3,False,True,False,False,False,False,False,True,False,False,False,False,False,False,False,False,0.32727272727272727,0.0,0.0,0.0,0.0,0.0,0.0,9.0,5.0
311,0.08,3,False,True,False,False,False,False,False,False,True,False,False,False,False,False,False,False,0.3072289156626506,0.0,0.0,0.0,0.0,0.0,0.0,9.0,5.0
311,0.75,3,False,True,False,False,False,False,False,False,False,True,False,False,False,False,False,False,0.4189189189189189,0.0,0.0,0.0,0.0,0.0,0.0,9.0,5.0
311,0.45,3,False,True,False,False,False,False,False,False,False,False,True,False,False,False,False,False,0.5126050420168067,0.0,0.0,0.0,0.0,0.0,0.0,9.0,5.0
311,2.1,3,False,True,False,False,False,False,False,False,False,False,False,False,False,False,False,True,0.19883040935672514,0.0,0.0,0.0,0.0,0.0,0.0,9.0,5.0
166,0.35,1,False,False,True,False,False,False,True,False,False,False,False,False,False,False,False,False,0.32978723404255317,0.0,0.0,0.0,0.0,0.0,0.0,9.0,5.0
166,0.8,1,False,False,True,False,False,False,False,True,False,False,False,False,False,False,False,False,0.24050632911392406,0.0,0.0,0.0,0.0,0.0,0.0,9.0,5.0
166,0.08,1,False,False,True,False,False,False,False,False,True,False,False,False,False,False,False,False,0.4318181818181818,0.0,0.0,0.0,0.0,0.0,0.0,9.0,6.0
166,0.75,1,False,False,True,False,False,False,False,False,False,True,False,False,False,False,False,False,0.22988505747126436,0.0,0.0,0.0,0.0,0.0,0.0,9.0,6.0
166,0.55,1,False,False,True,False,False,False,False,False,False,False,False,False,False,True,False,False,0.30985915492957744,0.0,0.0,0.0,0.0,0.0,0.0,9.0,6.0
166,2.1,1,False,False,True,False,False,False,False,False,False,False,False,False,False,False,False,True,0.4,0.0,0.0,0.0,0.0,0.0,0.0,9.0,6.0
325,0.35,3,False,False,False,True,False,False,True,False,False,False,False,False,False,False,False,False,0.19069767441860466,0.0,0.0,0.0,0.0,0.0,0.0,9.0,6.0
325,0.5,3,False,False,False,True,False,False,False,False,False,False,False,True,False,False,False,False,0.30201342281879195,0.0,0.0,0.0,0.0,0.0,0.0,9.0,6.0
325,0.65,3,False,False,False,True,False,False,False,False,False,False,False,False,False,False,True,False,0.42196531791907516,0.0,0.0,0.0,0.0,0.0,0.0,9.0,6.0
325,2.1,3,False,False,False,True,False,False,False,False,False,False,False,False,False,False,False,True,0.41379310344827586,0.0,0.0,0.0,0.0,0.0,0.0,9.0,6.0
268,0.35,3,False,False,False,False,True,False,True,False,False,False,False,False,False,False,False,False,0.32903225806451614,0.0,0.0,0.0,0.0,0.0,0.0,9.0,6.0
268,0.5,3,False,False,False,False,True,False,False,False,False,False,False,True,False,False,False,False,0.19111111111111112,0.0,0.0,0.0,0.0,0.0,0.0,9.0,6.0
268,0.06,3,False,False,False,False,True,False,False,False,False,False,False,False,True,False,False,False,0.2866666666666667,0.0,0.0,0.0,0.0,0.0,0.0,9.0,6.0
268,0.55,3,False,False,False,False,True,False,False,False,False,False,False,False,False,True,False,False,0.29207920792079206,0.0,0.0,0.0,0.0,0.0,0.0,9.0,6.0
268,2.1,3,False,False,False,False,True,False,False,False,False,False,False,False,False,False,False,True,0.43333333333333335,0.0,0.0,0.0,0.0,0.0,0.0,9.0,6.0
303,0.75,3,False,False,False,False,True,False,False,False,False,True,False,False,False,False,False,False,0.3724137931034483,0.0,0.0,0.0,0.0,0.0,0.0,,
303,0.45,3,False,False,False,False,True,False,False,False,False,False,True,False,False,False,False,False,0.39849624060150374,0.0,0.0,0.0,0.0,0.0,0.0,,
303,0.5,3,False,False,False,False,True,False,False,False,False,False,False,True,False,False,False,False,0.2772727272727273,0.0,0.0,0.0,0.0,0.0,0.0,,
303,0.65,3,False,False,False,False,True,False,False,False,False,False,False,False,False,False,True,False,0.26,0.0,0.0,0.0,0.0,0.0,0.0,,
303,2.1,3,False,False,False,False,True,False,False,False,False,False,False,False,False,False,False,True,0.3155080213903743,0.0,0.0,0.0,0.0,0.0,0.0,,
254,0.8,2,True,False,False,False,False,False,False,True,False,False,False,False,False,False,False,False,0.3135593220338983,0.0,0.0,0.0,0.0,0.0,0.0,,
254,0.75,2,True,False,False,False,False,False,False,False,False,True,False,False,False,False,False,False,0.2826086956521739,0.0,0.0,0.0,0.0,0.0,0.0,,
254,0.5,2,True,False,False,False,False,False,False,False,False,False,False,True,False,False,False,False,0.48205128205128206,0.0,0.0,0.0,0.0,0.0,0.0,,
254,0.06,2,True,False,False,False,False,False,False,False,False,False,False,False,True,False,False,False,0.26495726495726496,0.0,0.0,0.0,0.0,0.0,0.0,,
254,2.1,2,True,False,False,False,False,False,False,False,False,False,False,False,False,False,False,True,0.432258064516129,0.0,0.0,0.0,0.0,0.0,0.0,,
314,0.35,3,False,True,False,False,False,False,True,False,False,False,False,False,False,False,False,False,0.2057142857142857,0.0,0.0,0.0,0.0,0.0,0.0,,
314,0.08,3,False,True,False,False,False,False,False,False,True,False,False,False,False,False,False,False,0.2727272727272727,0.0,0.0,0.0,0.0,0.0,0.0,,
314,0.75,3,False,True,False,False,False,False,False,False,False,True,False,False,False,False,False,False,0.21153846153846154,0.0,0.0,0.0,0.0,0.0,0.0,9.0,6.0
314,0.45,3,False,True,False,False,False,False,False,False,False,False,True,False,False,False,False,False,0.35294117647058826,0.0,0.0,0.0,0.0,0.0,0.0,9.0,6.0
314,0.5,3,False,True,False,False,False,False,False,False,False,False,False,True,False,False,False,False,0.24568965517241378,0.0,0.0,0.0,0.0,0.0,0.0,9.0,6.0
187,0.35,1,False,False,True,False,False,False,True,False,False,False,False,False,False,False,False,False,0.4,0.0,0.0,0.0,0.0,0.0,0.0,9.0,6.0
187,0.8,1,False,False,True,False,False,False,False,True,False,False,False,False,False,False,False,False,0.27,0.0,0.0,0.0,0.0,0.0,0.0,9.0,6.0
187,0.75,1,False,False,True,False,False,False,False,False,False,True,False,False,False,False,False,False,0.3469387755102041,0.0,0.0,0.0,0.0,0.0,0.0,9.0,6.0
187,0.45,1,False,False,True,False,False,False,False,False,False,False,True,False,False,False,False,False,0.37681159420289856,0.0,0.0,0.0,0.0,0.0,0.0,9.0,6.0
187,2.1,1,False,False,True,False,False,False,False,False,False,False,False,False,False,False,False,True,0.2975206611570248,0.0,0.0,0.0,0.0,0.0,0.0,9.0,6.0
285,0.35,3,False,False,False,True,False,False,True,False,False,False,False,False,False,False,False,False,0.4,0.0,0.0,0.0,0.0,0.0,0.0,9.0,6.0
285,0.08,3,False,False,False,True,False,False,False,False,True,False,False,False,False,False,False,False,0.375,0.0,0.0,0.0,0.0,0.0,0.0,9.0,6.0
285,0.75,3,False,False,False,True,False,False,False,False,False,True,False,False,False,False,False,False,0.4025974025974026,0.0,0.0,0.0,0.0,0.0,0.0,9.0,6.0
285,0.5,3,False,False,False,True,False,False,False,False,False,False,False,True,False,False,False,False,0.43891402714932126,0.0,0.0,0.0,0.0,0.0,0.0,9.0,6.0
285,0.06,3,False,False,False,True,False,False,False,False,False,False,False,False,True,False,False,False,0.3722627737226277,0.0,0.0,0.0,0.0,0.0,0.0,9.0,6.0
285,0.55,3,False,False,False,True,False,False,False,False,False,False,False,False,False,True,False,False,0.3716475095785441,0.0,0.0,0.0,0.0,0.0,0.0,9.0,6.0
285,0.65,3,False,False,False,True,False,False,False,False,False,False,False,False,False,False,True,False,0.23308270676691728,0.0,0.0,0.0,0.0,0.0,0.0,9.0,6.0
296,0.35,3,False,False,False,False,True,False,True,False,False,False,False,False,False,False,False,False,0.20512820512820512,0.0,0.0,0.0,0.0,0.0,0.0,9.0,6.0
296,0.8,3,False,False,False,False,True,False,False,True,False,False,False,False,False,False,False,False,0.375,0.0,0.0,0.0,0.0,0.0,0.0,9.0,6.0
296,0.08,3,False,False,False,False,True,False,False,False,True,False,False,False,False,False,False,False,0.2127659574468085,0.0,0.0,0.0,0.0,0.0,0.0,9.0,6.0
296,0.75,3,False,False,False,False,True,False,False,False,False,True,False,False,False,False,False,False,0.3141025641025641,0.0,0.0,0.0,0.0,0.0,0.0,9.0,6.0
296,0.06,3,False,False,False,False,True,False,False,False,False,False,False,False,True,False,False,False,0.25,0.0,0.0,0.0,0.0,0.0,0.0,9.0,6.0
296,0.55,3,False,False,False,False,True,False,False,False,False,False,False,False,False,True,False,False,0.3076923076923077,0.0,0.0,0.0,0.0,0.0,0.0,9.0,6.0
296,2.1,3,False,False,False,False,True,False,False,False,False,False,False,False,False,False,False,True,0.31952662721893493,0.0,0.0,0.0,0.0,0.0,0.0,9.0,6.0
138,0.8,1,False,False,False,False,False,True,False,True,False,False,False,False,False,False,False,False,0.3230769230769231,0.0,0.0,0.0,0.0,0.0,0.0,9.0,6.0
138,0.45,1,False,False,False,False,False,True,False,False,False,False,True,False,False,False,False,False,0.17117117117117117,0.0,0.0,0.0,0.0,0.0,0.0,9.0,6.0
138,0.65,1,False,False,False,False,False,True,False,False,False,False,False,False,False,False,True,False,0.2638888888888889,0.0,0.0,0.0,0.0,0.0,0.0,9.0,6.0
138,2.1,1,False,False,False,False,False,True,False,False,False,False,False,False,False,False,False,True,0.35802469135802467,0.0,0.0,0.0,0.0,0.0,0.0,9.0,6.0
145,0.45,1,False,False,False,False,False,True,False,False,False,False,True,False,False,False,False,False,0.42857142857142855,0.0,0.0,0.0,0.0,0.0,0.0,9.0,6.0
145,0.5,1,False,False,False,False,False,True,False,False,False,False,False,True,False,False,False,False,0.1951219512195122,0.0,0.0,0.0,0.0,0.0,0.0,,
145,0.55,1,False,False,False,False,False,True,False,False,False,False,False,False,False,True,False,False,0.29133858267716534,0.0,0.0,0.0,0.0,0.0,0.0,,
145,2.1,1,False,False,False,False,False,True,False,False,False,False,False,False,False,False,False,True,0.24390243902439024,0.0,0.0,0.0,0.0,0.0,0.0,,
266,0.08,2,True,False,False,False,False,False,False,False,True,False,False,False,False,False,False,False,0.3053435114503817,0.0,0.0,0.0,0.0,0.0,0.0,,
266,0.45,2,True,False,False,False,False,False,False,False,False,False,True,False,False,False,False,False,0.31100478468899523,0.0,0.0,0.0,0.0,0.0,0.0,,
266,0.55,2,True,False,False,False,False,False,False,False,False,False,False,False,False,True,False,False,0.16595744680851063,0.0,0.0,0.0,0.0,0.0,0.0,,
266,0.65,2,True,False,False,False,False,False,False,False,False,False,False,False,False,False,True,False,0.3026315789473684,0.0,0.0,0.0,0.0,0.0,0.0,9.0,0.0
266,2.1,2,True,False,False,False,False,False,False,False,False,False,False,False,False,False,False,True,0.27976190476190477,0.0,0.0,0.0,0.0,0.0,0.0,9.0,0.0
313,0.75,3,False,True,False,False,False,False,False,False,False,True,False,False,False,False,False,False,0.17318435754189945,0.0,0.0,0.0,0.0,0.0,0.0,9.0,0.0
313,0.5,3,False,True,False,False,False,False,False,False,False,False,False,True,False,False,False,False,0.21254355400696864,0.0,0.0,0.0,0.0,0.0,0.0,9.0,0.0
313,0.06,3,False,True,False,False,False,False,False,False,False,False,False,False,True,False,False,False,0.18471337579617833,0.0,0.0,0.0,0.0,0.0,0.0,9.0,0.0
313,0.65,3,False,True,False,False,False,False,False,False,False,False,False,False,False,False,True,False,0.32558139534883723,0.0,0.0,0.0,0.0,0.0,0.0,9.0,0.0
313,2.1,3,False,True,False,False,False,False,False,False,False,False,False,False,False,False,False,True,0.23595505617977527,0.0,0.0,0.0,0.0,0.0,0.0,9.0,0.0
318,0.35,3,False,True,False,False,False,False,True,False,False,False,False,False,False,False,False,False,0.398876404494382,0.0,0.0,0.0,0.0,0.0,0.0,9.0,0.0
318,0.08,3,False,True,False,False,False,False,False,False,True,False,False,False,False,False,False,False,0.24242424242424243,0.0,0.0,0.0,0.0,0.0,0.0,9.0,0.0
318,0.45,3,False,True,False,False,False,False,False,False,False,False,True,False,False,False,False,False,0.23504273504273504,0.0,0.0,0.0,0.0,0.0,0.0,9.0,0.0
318,0.55,3,False,True,False,False,False,False,False,False,False,False,False,False,False,True,False,False,0.3514644351464435,0.0,0.0,0.0,0.0,0.0,0.0,9.0,0.0
318,2.1,3,False,True,False,False,False,False,False,False,False,False,False,False,False,False,False,True,0.30687830687830686,0.0,0.0,0.0,0.0,0.0,0.0,9.0,0.0
173,0.35,1,False,False,True,False,False,False,True,False,False,False,False,False,False,False,False,False,0.20353982300884957,0.0,0.0,0.0,0.0,0.0,0.0,9.0,0.0
173,0.45,1,False,False,True,False,False,False,False,False,False,False,True,False,False,False,False,False,0.29333333333333333,0.0,0.0,0.0,0.0,0.0,0.0,9.0,0.0
173,0.06,1,False,False,True,False,False,False,False,False,False,False,False,False,True,False,False,False,0.45977011494252873,0.0,0.0,0.0,0.0,0.0,0.0,9.0,0.0
173,0.55,1,False,False,True,False,False,False,False,False,False,False,False,False,False,True,False,False,0.2642857142857143,0.0,0.0,0.0,0.0,0.0,0.0,9.0,0.0
174,0.35,1,False,False,True,False,False,False,True,False,False,False,False,False,False,False,False,False,0.3269230769230769,0.0,0.0,0.0,0.0,0.0,0.0,9.0,0.0
174,0.8,1,False,False,True,False,False,False,False,True,False,False,False,False,False,False,False,False,0.24390243902439024,0.0,0.0,0.0,0.0,0.0,0.0,9.0,0.0
174,0.08,1,False,False,True,False,False,False,False,False,True,False,False,False,False,False,False,False,0.17894736842105263,0.0,0.0,0.0,0.0,0.0,0.0,9.0,0.0
174,0.75,1,False,False,True,False,False,False,False,False,False,True,False,False,False,False,False,False,0.20930232558139536,0.0,0.0,0.0,0.0,0.0,0.0,9.0,0.0
174,0.45,1,False,False,True,False,False,False,False,False,False,False,True,False,False,False,False,False,0.3533834586466165,0.0,0.0,0.0,0.0,0.0,0.0,9.0,0.0
174,0.06,1,False,False,True,False,False,False,False,False,False,False,False,False,True,False,False,False,0.3333333333333333,0.0,0.0,0.0,0.0,0.0,0.0,9.0,0.0
174,0.55,1,False,False,True,False,False,False,False,False,False,False,False,False,False,True,False,False,0.38666666666666666,0.0,0.0,0.0,0.0,0.0,0.0,9.0,0.0
298,0.35,3,False,False,False,True,False,False,True,False,False,False,False,False,False,False,False,False,0.24725274725274726,0.0,0.0,0.0,0.0,0.0,0.0,9.0,0.0
298,0.8,3,False,False,False,True,False,False,False,True,False,False,False,False,False,False,False,False,0.16233766233766234,0.0,0.0,0.0,0.0,0.0,0.0,9.0,0.0
298,0.75,3,False,False,False,True,False,False,False,False,False,True,False,False,False,False,False,False,0.16312056737588654,0.0,0.0,0.0,0.0,0.0,0.0,9.0,0.0
298,0.45,3,False,False,False,True,False,False,False,False,False,False,True,False,False,False,False,False,0.36363636363636365,0.0,0.0,0.0,0.0,0.0,0.0,9.0,0.0
298,0.5,3,False,False,False,True,False,False,False,False,False,False,False,True,False,False,False,False,0.3232758620689655,0.0,0.0,0.0,0.0,0.0,0.0,,
298,2.1,3,False,False,False,True,False,False,False,False,False,False,False,False,False,False,False,True,0.36180904522613067,0.0,0.0,0.0,0.0,0.0,0.0,,
324,0.35,3,False,False,False,True,False,False,True,False,False,False,False,False,False,False,False,False,0.18556701030927836,0.0,0.0,0.0,0.0,0.0,0.0,,
324,0.8,3,False,False,False,True,False,False,False,True,False,False,False,False,False,False,False,False,0.42592592592592593,0.0,0.0,0.0,0.0,0.0,0.0,,
324,0.08,3,False,False,False,True,False,False,False,False,True,False,False,False,False,False,False,False,0.15151515151515152,0.0,0.0,0.0,0.0,0.0,0.0,,
324,0.75,3,False,False,False,True,False,False,False,False,False,True,False,False,False,False,False,False,0.2,0.0,0.0,0.0,0.0,0.0,0.0,,
324,0.55,3,False,False,False,True,False,False,False,False,False,False,False,False,False,True,False,False,0.4388185654008439,0.0,0.0,0.0,0.0,0.0,0.0,,
324,0.65,3,False,False,False,True,False,False,False,False,False,False,False,False,False,False,True,False,0.2549019607843137,0.0,0.0,0.0,0.0,0.0,0.0,,
282,0.08,3,False,False,False,False,True,False,False,False,True,False,False,False,False,False,False,False,0.4825174825174825,0.0,0.0,0.0,0.0,0.0,0.0,,
282,0.75,3,False,False,False,False,True,False,False,False,False,True,False,False,False,False,False,False,0.4626865671641791,0.0,0.0,0.0,0.0,0.0,0.0,,
282,0.06,3,False,False,False,False,True,False,False,False,False,False,False,False,True,False,False,False,0.3488372093023256,0.0,0.0,0.0,0.0,0.0,0.0,,
282,0.65,3,False,False,False,False,True,False,False,False,False,False,False,False,False,False,True,False,0.2706766917293233,0.0,0.0,0.0,0.0,0.0,0.0,,
282,2.1,3,False,False,False,False,True,False,False,False,False,False,False,False,False,False,False,True,0.32903225806451614,0.0,0.0,0.0,0.0,0.0,0.0,,
304,0.35,3,False,False,False,False,True,False,True,False,False,False,False,False,False,False,False,False,0.39408866995073893,0.0,0.0,0.0,0.0,0.0,0.0,,
304,0.8,3,False,False,False,False,True,False,False,True,False,False,False,False,False,False,False,False,0.3916083916083916,0.0,0.0,0.0,0.0,0.0,0.0,9.0,0.0
304,0.08,3,False,False,False,False,True,False,False,False,True,False,False,False,False,False,False,False,0.39864864864864863,0.0,0.0,0.0,0.0,0.0,0.0,9.0,0.0
304,0.75,3,False,False,False,False,True,False,False,False,False,True,False,False,False,False,False,False,0.19135802469135801,0.0,0.0,0.0,0.0,0.0,0.0,9.0,0.0
304,0.45,3,False,False,False,False,True,False,False,False,False,False,True,False,False,False,False,False,0.30337078651685395,0.0,0.0,0.0,0.0,0.0,0.0,9.0,0.0
304,0.55,3,False,False,False,False,True,False,False,False,False,False,False,False,False,True,False,False,0.1894273127753304,0.0,0.0,0.0,0.0,0.0,0.0,9.0,0.0
304,0.65,3,False,False,False,False,True,False,False,False,False,False,False,False,False,False,True,False,0.39759036144578314,0.0,0.0,0.0,0.0,0.0,0.0,9.0,0.0
157,0.35,1,False,False,False,False,False,True,True,False,False,False,False,False,False,False,False,False,0.3333333333333333,0.0,0.0,0.0,0.0,0.0,0.0,9.0,0.0
157,0.75,1,False,False,False,False,False,True,False,False,False,True,False,False,False,False,False,False,0.323943661971831,0.0,0.0,0.0,0.0,0.0,0.0,9.0,0.0
157,0.45,1,False,False,False,False,False,True,False,False,False,False,True,False,False,False,False,False,0.140625,0.0,0.0,0.0,0.0,0.0,0.0,9.0,0.0
157,0.06,1,False,False,False,False,False,True,False,False,False,False,False,False,True,False,False,False,0.36363636363636365,0.0,0.0,0.0,0.0,0.0,0.0,9.0,0.0
157,0.55,1,False,False,False,False,False,True,False,False,False,False,False,False,False,True,False,False,0.1736111111111111,0.0,0.0,0.0,0.0,0.0,0.0,9.0,0.0
157,0.65,1,False,False,False,False,False,True,False,False,False,False,False,False,False,False,True,False,0.28378378378378377,0.0,0.0,0.0,0.0,0.0,0.0,9.0,0.0
301,0.35,2,True,False,False,False,False,False,True,False,False,False,False,False,False,False,False,False,0.4110429447852761,0.0,0.0,0.0,0.0,0.0,0.0,9.0,0.0
301,0.8,2,True,False,False,False,False,False,False,True,False,False,False,False,False,False,False,False,0.26811594202898553,0.0,0.0,0.0,0.0,0.0,0.0,9.0,0.0
301,0.06,2,True,False,False,False,False,False,False,False,False,False,False,False,True,False,False,False,0.3872832369942196,0.0,0.0,0.0,0.0,0.0,0.0,,
301,0.55,2,True,False,False,False,False,False,False,False,False,False,False,False,False,True,False,False,0.291044776119403,0.0,0.0,0.0,0.0,0.0,0.0,,
301,0.65,2,True,False,False,False,False,False,False,False,False,False,False,False,False,False,True,False,0.39634146341463417,0.0,0.0,0.0,0.0,0.0,0.0,,
294,0.08,3,False,True,False,False,False,False,False,False,True,False,False,False,False,False,False,False,0.2605633802816901,0.0,0.0,0.0,0.0,0.0,0.0,,
294,0.06,3,False,True,False,False,False,False,False,False,False,False,False,False,True,False,False,False,0.3006993006993007,0.0,0.0,0.0,0.0,0.0,0.0,,
294,0.55,3,False,True,False,False,False,False,False,False,False,False,False,False,False,True,False,False,0.3013698630136986,0.0,0.0,0.0,0.0,0.0,0.0,,
294,0.65,3,False,True,False,False,False,False,False,False,False,False,False,False,False,False,True,False,0.42948717948717946,0.0,0.0,0.0,0.0,0.0,0.0,,
294,2.1,3,False,True,False,False,False,False,False,False,False,False,False,False,False,False,False,True,0.4381443298969072,0.0,0.0,0.0,0.0,0.0,0.0,,
138,0.75,1,False,False,True,False,False,False,False,False,False,True,False,False,False,False,False,False,0.34177215189873417,0.0,0.0,0.0,0.0,0.0,0.0,,
138,0.45,1,False,False,True,False,False,False,False,False,False,False,True,False,False,False,False,False,0.2727272727272727,0.0,0.0,0.0,0.0,0.0,0.0,,
138,0.06,1,False,False,True,False,False,False,False,False,False,False,False,False,True,False,False,False,0.3918918918918919,0.0,0.0,0.0,0.0,0.0,0.0,,
138,0.55,1,False,False,True,False,False,False,False,False,False,False,False,False,False,True,False,False,0.31092436974789917,0.0,0.0,0.0,0.0,0.0,0.0,,
303,0.8,3,False,False,False,False,True,False,False,True,False,False,False,False,False,False,False,False,0.1780821917808219,0.0,0.0,0.0,0.0,0.0,0.0,9.0,1.0
303,0.75,3,False,False,False,False,True,False,False,False,False,True,False,False,False,False,False,False,0.36470588235294116,0.0,0.0,0.0,0.0,0.0,0.0,9.0,1.0
303,0.5,3,False,False,False,False,True,False,False,False,False,False,False,True,False,False,False,False,0.423728813559322,0.0,0.0,0.0,0.0,0.0,0.0,9.0,1.0
303,0.06,3,False,False,False,False,True,False,False,False,False,False,False,False,True,False,False,False,0.3939393939393939,0.0,0.0,0.0,0.0,0.0,0.0,9.0,1.0
303,2.1,3,False,False,False,False,True,False,False,False,False,False,False,False,False,False,False,True,0.19680851063829788,0.0,0.0,0.0,0.0,0.0,0.0,9.0,1.0
167,0.8,1,False,False,False,False,False,True,False,True,False,False,False,False,False,False,False,False,0.26582278481012656,0.0,0.0,0.0,0.0,0.0,0.0,,
167,0.08,1,False,False,False,False,False,True,False,False,True,False,False,False,False,False,False,False,0.32608695652173914,0.0,0.0,0.0,0.0,0.0,0.0,,
167,0.45,1,False,False,False,False,False,True,False,False,False,False,True,False,False,False,False,False,0.21323529411764705,0.0,0.0,0.0,0.0,0.0,0.0,,
167,0.5,1,False,False,False,False,False,True,False,False,False,False,False,True,False,False,False,False,0.140625,0.0,0.0,0.0,0.0,0.0,0.0,,
167,0.55,1,False,False,False,False,False,True,False,False,False,False,False,False,False,True,False,False,0.31724137931034485,0.0,0.0,0.0,0.0,0.0,0.0,,
167,0.65,1,False,False,False,False,False,True,False,False,False,False,False,False,False,False,True,False,0.2692307692307692,0.0,0.0,0.0,0.0,0.0,0.0,,
167,2.1,1,False,False,False,False,False,True,False,False,False,False,False,False,False,False,False,True,0.25773195876288657,0.0,0.0,0.0,0.0,0.0,0.0,,
318,0.8,3,False,True,False,False,False,False,False,True,False,False,False,False,False,False,False,False,0.1588235294117647,0.0,0.0,0.0,0.0,0.0,0.0,,
318,0.75,3,False,True,False,False,False,False,False,False,False,True,False,False,False,False,False,False,0.4858757062146893,0.0,0.0,0.0,0.0,0.0,0.0,9.0,1.0
318,0.5,3,False,True,False,False,False,False,False,False,False,False,False,True,False,False,False,False,0.3062015503875969,0.0,0.0,0.0,0.0,0.0,0.0,9.0,1.0
318,0.55,3,False,True,False,False,False,False,False,False,False,False,False,False,False,True,False,False,0.25833333333333336,0.0,0.0,0.0,0.0,0.0,0.0,9.0,1.0
318,0.65,3,False,True,False,False,False,False,False,False,False,False,False,False,False,False,True,False,0.4391891891891892,0.0,0.0,0.0,0.0,0.0,0.0,9.0,1.0
325,0.8,3,False,True,False,False,False,False,False,True,False,False,False,False,False,False,False,False,0.3137254901960784,0.0,0.0,0.0,0.0,0.0,0.0,9.0,1.0
325,0.08,3,False,True,False,False,False,False,False,False,True,False,False,False,False,False,False,False,0.22580645161290322,0.0,0.0,0.0,0.0,0.0,0.0,,
325,0.75,3,False,True,False,False,False,False,False,False,False,True,False,False,False,False,False,False,0.2865853658536585,0.0,0.0,0.0,0.0,0.0,0.0,,
325,0.45,3,False,True,False,False,False,False,False,False,False,False,True,False,False,False,False,False,0.25704225352112675,0.0,0.0,0.0,0.0,0.0,0.0,,
325,0.55,3,False,True,False,False,False,False,False,False,False,False,False,False,False,True,False,False,0.39299610894941633,0.0,0.0,0.0,0.0,0.0,0.0,,
325,0.65,3,False,True,False,False,False,False,False,False,False,False,False,False,False,False,True,False,0.44324324324324327,0.0,0.0,0.0,0.0,0.0,0.0,9.0,1.0
325,2.1,3,False,True,False,False,False,False,False,False,False,False,False,False,False,False,False,True,0.3140096618357488,0.0,0.0,0.0,0.0,0.0,0.0,9.0,1.0
151,0.8,1,False,False,True,False,False,False,False,True,False,False,False,False,False,False,False,False,0.19480519480519481,0.0,0.0,0.0,0.0,0.0,0.0,9.0,1.0
151,0.08,1,False,False,True,False,False,False,False,False,True,False,False,False,False,False,False,False,0.2876712328767123,0.0,0.0,0.0,0.0,0.0,0.0,9.0,1.0
151,0.75,1,False,False,True,False,False,False,False,False,False,True,False,False,False,False,False,False,0.3253012048192771,0.0,0.0,0.0,0.0,0.0,0.0,9.0,1.0
151,0.45,1,False,False,True,False,False,False,False,False,False,False,True,False,False,False,False,False,0.22413793103448276,0.0,0.0,0.0,0.0,0.0,0.0,,
151,0.5,1,False,False,True,False,False,False,False,False,False,False,False,True,False,False,False,False,0.390625,0.0,0.0,0.0,0.0,0.0,0.0,,
151,0.06,1,False,False,True,False,False,False,False,False,False,False,False,False,True,False,False,False,0.2,0.0,0.0,0.0,0.0,0.0,0.0,,
151,0.55,1,False,False,True,False,False,False,False,False,False,False,False,False,False,True,False,False,0.45454545454545453,0.0,0.0,0.0,0.0,0.0,0.0,,
325,0.35,3,False,False,False,True,False,False,True,False,False,False,False,False,False,False,False,False,0.24324324324324326,0.0,0.0,0.0,0.0,0.0,0.0,,
325,0.08,3,False,False,False,True,False,False,False,False,True,False,False,False,False,False,False,False,0.3806818181818182,0.0,0.0,0.0,0.0,0.0,0.0,,
325,0.75,3,False,False,False,True,False,False,False,False,False,True,False,False,False,False,False,False,0.2864864864864865,0.0,0.0,0.0,0.0,0.0,0.0,9.0,1.0
325,0.5,3,False,False,False,True,False,False,False,False,False,False,False,True,False,False,False,False,0.16262975778546712,0.0,0.0,0.0,0.0,0.0,0.0,9.0,1.0
325,0.06,3,False,False,False,True,False,False,False,False,False,False,False,False,True,False,False,False,0.3867403314917127,0.0,0.0,0.0,0.0,0.0,0.0,9.0,1.0
325,0.55,3,False,False,False,True,False,False,False,False,False,False,False,False,False,True,False,False,0.23282442748091603,0.0,0.0,0.0,0.0,0.0,0.0,9.0,1.0
325,2.1,3,False,False,False,True,False,False,False,False,False,False,False,False,False,False,False,True,0.3598130841121495,0.0,0.0,0.0,0.0,0.0,0.0,9.0,1.0
305,0.75,3,False,False,False,True,False,False,False,False,False,True,False,False,False,False,False,False,0.36619718309859156,0.0,0.0,0.0,0.0,0.0,0.0,9.0,1.0
305,0.45,3,False,False,False,True,False,False,False,False,False,False,True,False,False,False,False,False,0.4345991561181435,0.0,0.0,0.0,0.0,0.0,0.0,9.0,1.0
305,0.06,3,False,False,False,True,False,False,False,False,False,False,False,False,True,False,False,False,0.35403726708074534,0.0,0.0,0.0,0.0,0.0,0.0,,
305,0.65,3,False,False,False,True,False,False,False,False,False,False,False,False,False,False,True,False,0.3958333333333333,0.0,0.0,0.0,0.0,0.0,0.0,,
166,0.35,1,False,False,False,False,False,True,True,False,False,False,False,False,False,False,False,False,0.3516483516483517,0.0,0.0,0.0,0.0,0.0,0.0,,
166,0.8,1,False,False,False,False,False,True,False,True,False,False,False,False,False,False,False,False,0.28888888888888886,0.0,0.0,0.0,0.0,0.0,0.0,,
166,0.08,1,False,False,False,False,False,True,False,False,True,False,False,False,False,False,False,False,0.20430107526881722,0.0,0.0,0.0,0.0,0.0,0.0,,
166,0.75,1,False,False,False,False,False,True,False,False,False,True,False,False,False,False,False,False,0.17105263157894737,0.0,0.0,0.0,0.0,0.0,0.0,9.0,1.0
166,0.45,1,False,False,False,False,False,True,False,False,False,False,True,False,False,False,False,False,0.27586206896551724,0.0,0.0,0.0,0.0,0.0,0.0,9.0,1.0
166,0.06,1,False,False,False,False,False,True,False,False,False,False,False,False,True,False,False,False,0.20212765957446807,0.0,0.0,0.0,0.0,0.0,0.0,9.0,1.0
166,2.1,1,False,False,False,False,False,True,False,False,False,False,False,False,False,False,False,True,0.41509433962264153,0.0,0.0,0.0,0.0,0.0,0.0,9.0,1.0
137,0.35,1,False,False,False,False,False,True,True,False,False,False,False,False,False,False,False,False,0.39080459770114945,0.0,0.0,0.0,0.0,0.0,0.0,9.0,1.0
137,0.08,1,False,False,False,False,False,True,False,False,True,False,False,False,False,False,False,False,0.2692307692307692,0.0,0.0,0.0,0.0,0.0,0.0,9.0,1.0
137,0.75,1,False,False,False,False,False,True,False,False,False,True,False,False,False,False,False,False,0.1643835616438356,0.0,0.0,0.0,0.0,0.0,0.0,9.0,1.0
137,0.45,1,False,False,False,False,False,True,False,False,False,False,True,False,False,False,False,False,0.1951219512195122,0.0,0.0,0.0,0.0,0.0,0.0,9.0,1.0
137,0.06,1,False,False,False,False,False,True,False,False,False,False,False,False,True,False,False,False,0.4230769230769231,0.0,0.0,0.0,0.0,0.0,0.0,9.0,1.0
137,0.65,1,False,False,False,False,False,True,False,False,False,False,False,False,False,False,True,False,0.3972602739726027,0.0,0.0,0.0,0.0,0.0,0.0,9.0,1.0
294,0.35,2,True,False,False,False,False,False,True,False,False,False,False,False,False,False,False,False,0.25925925925925924,0.0,0.0,0.0,0.0,0.0,0.0,9.0,1.0
294,0.8,2,True,False,False,False,False,False,False,True,False,False,False,False,False,False,False,False,0.45323741007194246,0.0,0.0,0.0,0.0,0.0,0.0,9.0,1.0
294,0.08,2,True,False,False,False,False,False,False,False,True,False,False,False,False,False,False,False,0.43537414965986393,0.0,0.0,0.0,0.0,0.0,0.0,9.0,1.0
294,0.75,2,True,False,False,False,False,False,False,False,False,True,False,False,False,False,False,False,0.20833333333333334,0.0,0.0,0.0,0.0,0.0,0.0,9.0,1.0
294,0.45,2,True,False,False,False,False,False,False,False,False,False,True,False,False,False,False,False,0.26996197718631176,0.0,0.0,0.0,0.0,0.0,0.0,9.0,1.0
294,0.65,2,True,False,False,False,False,False,False,False,False,False,False,False,False,False,True,False,0.3037037037037037,0.0,0.0,0.0,0.0,0.0,0.0,10.0,2.0
294,2.1,2,True,False,False,False,False,False,False,False,False,False,False,False,False,False,False,True,0.31958762886597936,0.0,0.0,0.0,0.0,0.0,0.0,10.0,2.0
289,0.8,3,False,True,False,False,False,False,False,True,False,False,False,False,False,False,False,False,0.271523178807947,0.0,0.0,0.0,0.0,0.0,0.0,10.0,2.0
289,0.08,3,False,True,False,False,False,False,False,False,True,False,False,False,False,False,False,False,0.2463768115942029,0.0,0.0,0.0,0.0,0.0,0.0,10.0,2.0
289,0.75,3,False,True,False,False,False,False,False,False,False,True,False,False,False,False,False,False,0.45112781954887216,0.0,0.0,0.0,0.0,0.0,0.0,10.0,2.0
289,0.5,3,False,True,False,False,False,False,False,False,False,False,False,True,False,False,False,False,0.2948717948717949,0.0,0.0,0.0,0.0,0.0,0.0,,
289,0.06,3,False,True,False,False,False,False,False,False,False,False,False,False,True,False,False,False,0.3793103448275862,0.0,0.0,0.0,0.0,0.0,0.0,,
289,0.55,3,False,True,False,False,False,False,False,False,False,False,False,False,False,True,False,False,0.3333333333333333,0.0,0.0,0.0,0.0,0.0,0.0,,
289,2.1,3,False,True,False,False,False,False,False,False,False,False,False,False,False,False,False,True,0.4631578947368421,0.0,0.0,0.0,0.0,0.0,0.0,,
168,0.35,1,False,False,True,False,False,False,True,False,False,False,False,False,False,False,False,False,0.34065934065934067,0.0,0.0,0.0,0.0,0.0,0.0,,
168,0.8,1,False,False,True,False,False,False,False,True,False,False,False,False,False,False,False,False,0.2235294117647059,0.0,0.0,0.0,0.0,0.0,0.0,10.0,2.0
168,0.5,1,False,False,True,False,False,False,False,False,False,False,False,True,False,False,False,False,0.19117647058823528,0.0,0.0,0.0,0.0,0.0,0.0,10.0,2.0
168,0.65,1,False,False,True,False,False,False,False,False,False,False,False,False,False,False,True,False,0.32098765432098764,0.0,0.0,0.0,0.0,0.0,0.0,10.0,2.0
168,2.1,1,False,False,True,False,False,False,False,False,False,False,False,False,False,False,False,True,0.3185840707964602,0.0,0.0,0.0,0.0,0.0,0.0,10.0,2.0
172,0.35,1,False,False,True,False,False,False,True,False,False,False,False,False,False,False,False,False,0.1827956989247312,0.0,0.0,0.0,0.0,0.0,0.0,10.0,2.0
172,0.06,1,False,False,True,False,False,False,False,False,False,False,False,False,True,False,False,False,0.32608695652173914,0.0,0.0,0.0,0.0,0.0,0.0,10.0,2.0
172,0.55,1,False,False,True,False,False,False,False,False,False,False,False,False,False,True,False,False,0.32666666666666666,0.0,0.0,0.0,0.0,0.0,0.0,10.0,2.0
172,0.65,1,False,False,True,False,False,False,False,False,False,False,False,False,False,False,True,False,0.2967032967032967,0.0,0.0,0.0,0.0,0.0,0.0,10.0,2.0
172,2.1,1,False,False,True,False,False,False,False,False,False,False,False,False,False,False,False,True,0.23853211009174313,0.0,0.0,0.0,0.0,0.0,0.0,10.0,2.0
281,0.5,3,False,False,False,True,False,False,False,False,False,False,False,True,False,False,False,False,0.4533898305084746,0.0,0.0,0.0,0.0,0.0,0.0,10.0,2.0
281,0.06,3,False,False,False,True,False,False,False,False,False,False,False,False,True,False,False,False,0.3422818791946309,0.0,0.0,0.0,0.0,0.0,0.0,10.0,2.0
281,0.55,3,False,False,False,True,False,False,False,False,False,False,False,False,False,True,False,False,0.2727272727272727,0.0,0.0,0.0,0.0,0.0,0.0,10.0,2.0
281,0.65,3,False,False,False,True,False,False,False,False,False,False,False,False,False,False,True,False,0.4295774647887324,0.0,0.0,0.0,0.0,0.0,0.0,10.0,2.0
281,2.1,3,False,False,False,True,False,False,False,False,False,False,False,False,False,False,False,True,0.2914285714285714,0.0,0.0,0.0,0.0,0.0,0.0,10.0,2.0
326,0.35,3,False,False,False,True,False,False,True,False,False,False,False,False,False,False,False,False,0.14084507042253522,0.0,0.0,0.0,0.0,0.0,0.0,10.0,2.0
326,0.8,3,False,False,False,True,False,False,False,True,False,False,False,False,False,False,False,False,0.23529411764705882,0.0,0.0,0.0,0.0,0.0,0.0,10.0,2.0
326,0.75,3,False,False,False,True,False,False,False,False,False,True,False,False,False,False,False,False,0.3333333333333333,0.0,0.0,0.0,0.0,0.0,0.0,10.0,2.0
326,0.5,3,False,False,False,True,False,False,False,False,False,False,False,True,False,False,False,False,0.29259259259259257,0.0,0.0,0.0,0.0,0.0,0.0,10.0,2.0
275,0.8,3,False,False,False,False,True,False,False,True,False,False,False,False,False,False,False,False,0.3716216216216216,0.0,0.0,0.0,0.0,0.0,0.0,10.0,2.0
275,0.75,3,False,False,False,False,True,False,False,False,False,True,False,False,False,False,False,False,0.43790849673202614,0.0,0.0,0.0,0.0,0.0,0.0,10.0,2.0
275,0.45,3,False,False,False,False,True,False,False,False,False,False,True,False,False,False,False,False,0.16587677725118483,0.0,0.0,0.0,0.0,0.0,0.0,10.0,2.0
275,0.5,3,False,False,False,False,True,False,False,False,False,False,False,True,False,False,False,False,0.3188405797101449,0.0,0.0,0.0,0.0,0.0,0.0,10.0,2.0
275,0.06,3,False,False,False,False,True,False,False,False,False,False,False,False,True,False,False,False,0.23404255319148937,0.0,0.0,0.0,0.0,0.0,0.0,10.0,2.0
299,0.35,2,True,False,False,False,False,False,True,False,False,False,False,False,False,False,False,False,0.34065934065934067,0.0,0.0,0.0,0.0,0.0,0.0,10.0,2.0
299,0.8,2,True,False,False,False,False,False,False,True,False,False,False,False,False,False,False,False,0.3161764705882353,0.0,0.0,0.0,0.0,0.0,0.0,10.0,2.0
299,0.08,2,True,False,False,False,False,False,False,False,True,False,False,False,False,False,False,False,0.20245398773006135,0.0,0.0,0.0,0.0,0.0,0.0,10.0,2.0
299,0.5,2,True,False,False,False,False,False,False,False,False,False,False,True,False,False,False,False,0.3062015503875969,0.0,0.0,0.0,0.0,0.0,0.0,10.0,2.0
299,0.06,2,True,False,False,False,False,False,False,False,False,False,False,False,True,False,False,False,0.45517241379310347,0.0,0.0,0.0,0.0,0.0,0.0,10.0,2.0
299,0.55,2,True,False,False,False,False,False,False,False,False,False,False,False,False,True,False,False,0.3035019455252918,0.0,0.0,0.0,0.0,0.0,0.0,10.0,2.0
299,2.1,2,True,False,False,False,False,False,False,False,False,False,False,False,False,False,False,True,0.3826530612244898,0.0,0.0,0.0,0.0,0.0,0.0,10.0,2.0
254,0.08,2,True,False,False,False,False,False,False,False,True,False,False,False,False,False,False,False,0.16551724137931034,0.0,0.0,0.0,0.0,0.0,0.0,10.0,2.0
254,0.75,2,True,False,False,False,False,False,False,False,False,True,False,False,False,False,False,False,0.4444444444444444,0.0,0.0,0.0,0.0,0.0,0.0,10.0,2.0
254,0.5,2,True,False,False,False,False,False,False,False,False,False,False,True,False,False,False,False,0.46195652173913043,0.0,0.0,0.0,0.0,0.0,0.0,10.0,2.0
254,0.06,2,True,False,False,False,False,False,False,False,False,False,False,False,True,False,False,False,0.14173228346456693,0.0,0.0,0.0,0.0,0.0,0.0,10.0,2.0
254,0.55,2,True,False,False,False,False,False,False,False,False,False,False,False,False,True,False,False,0.3364485981308411,0.0,0.0,0.0,0.0,0.0,0.0,10.0,2.0
254,0.65,2,True,False,False,False,False,False,False,False,False,False,False,False,False,False,True,False,0.3511450381679389,0.0,0.0,0.0,0.0,0.0,0.0,10.0,2.0
311,0.75,3,False,True,False,False,False,False,False,False,False,True,False,False,False,False,False,False,0.3935483870967742,0.0,0.0,0.0,0.0,0.0,0.0,10.0,2.0
311,0.45,3,False,True,False,False,False,False,False,False,False,False,True,False,False,False,False,False,0.1801470588235294,0.0,0.0,0.0,0.0,0.0,0.0,10.0,2.0
311,0.5,3,False,True,False,False,False,False,False,False,False,False,False,True,False,False,False,False,0.18972332015810275,0.0,0.0,0.0,0.0,0.0,0.0,10.0,2.0
311,0.06,3,False,True,False,False,False,False,False,False,False,False,False,False,True,False,False,False,0.3413173652694611,0.0,0.0,0.0,0.0,0.0,0.0,10.0,2.0
311,0.55,3,False,True,False,False,False,False,False,False,False,False,False,False,False,True,False,False,0.375968992248062,0.0,0.0,0.0,0.0,0.0,0.0,10.0,2.0
311,2.1,3,False,True,False,False,False,False,False,False,False,False,False,False,False,False,False,True,0.35638297872340424,0.0,0.0,0.0,0.0,0.0,0.0,10.0,2.0
294,0.08,3,False,False,False,True,False,False,False,False,True,False,False,False,False,False,False,False,0.1893939393939394,0.0,0.0,0.0,0.0,0.0,0.0,10.0,2.0
294,0.75,3,False,False,False,True,False,False,False,False,False,True,False,False,False,False,False,False,0.19014084507042253,0.0,0.0,0.0,0.0,0.0,0.0,10.0,2.0
294,0.5,3,False,False,False,True,False,False,False,False,False,False,False,True,False,False,False,False,0.31896551724137934,0.0,0.0,0.0,0.0,0.0,0.0,10.0,2.0
294,0.06,3,False,False,False,True,False,False,False,False,False,False,False,False,True,False,False,False,0.40425531914893614,0.0,0.0,0.0,0.0,0.0,0.0,10.0,2.0
294,0.55,3,False,False,False,True,False,False,False,False,False,False,False,False,False,True,False,False,0.38202247191011235,0.0,0.0,0.0,0.0,0.0,0.0,10.0,2.0
294,0.65,3,False,False,False,True,False,False,False,False,False,False,False,False,False,False,True,False,0.2391304347826087,0.0,0.0,0.0,0.0,0.0,0.0,10.0,2.0
145,0.8,1,False,False,False,False,False,True,False,True,False,False,False,False,False,False,False,False,0.3333333333333333,0.0,0.0,0.0,0.0,0.0,0.0,10.0,2.0
145,0.75,1,False,False,False,False,False,True,False,False,False,True,False,False,False,False,False,False,0.323943661971831,0.0,0.0,0.0,0.0,0.0,0.0,10.0,2.0
145,0.45,1,False,False,False,False,False,True,False,False,False,False,True,False,False,False,False,False,0.2761904761904762,0.0,0.0,0.0,0.0,0.0,0.0,10.0,2.0
145,0.06,1,False,False,False,False,False,True,False,False,False,False,False,False,True,False,False,False,0.3670886075949367,0.0,0.0,0.0,0.0,0.0,0.0,,
145,0.65,1,False,False,False,False,False,True,False,False,False,False,False,False,False,False,True,False,0.3037974683544304,0.0,0.0,0.0,0.0,0.0,0.0,,
145,2.1,1,False,False,False,False,False,True,False,False,False,False,False,False,False,False,False,True,0.3402061855670103,0.0,0.0,0.0,0.0,0.0,0.0,,
123,0.35,1,False,False,False,False,False,True,True,False,False,False,False,False,False,False,False,False,0.4861111111111111,0.0,0.0,0.0,0.0,0.0,0.0,,
123,0.8,1,False,False,False,False,False,True,False,True,False,False,False,False,False,False,False,False,0.2727272727272727,0.0,0.0,0.0,0.0,0.0,0.0,,
123,0.08,1,False,False,False,False,False,True,False,False,True,False,False,False,False,False,False,False,0.288135593220339,0.0,0.0,0.0,0.0,0.0,0.0,10.0,3.0
123,0.5,1,False,False,False,False,False,True,False,False,False,False,False,True,False,False,False,False,0.22727272727272727,0.0,0.0,0.0,0.0,0.0,0.0,10.0,3.0
123,0.55,1,False,False,False,False,False,True,False,False,False,False,False,False,False,True,False,False,0.1827956989247312,0.0,0.0,0.0,0.0,0.0,0.0,10.0,3.0
123,2.1,1,False,False,False,False,False,True,False,False,False,False,False,False,False,False,False,True,0.14864864864864866,0.0,0.0,0.0,0.0,0.0,0.0,10.0,3.0
244,0.08,2,True,False,False,False,False,False,False,False,True,False,False,False,False,False,False,False,0.368,0.0,0.0,0.0,0.0,0.0,0.0,10.0,3.0
244,0.75,2,True,False,False,False,False,False,False,False,False,True,False,False,False,False,False,False,0.34710743801652894,0.0,0.0,0.0,0.0,0.0,0.0,,
244,0.45,2,True,False,False,False,False,False,False,False,False,False,True,False,False,False,False,False,0.2930232558139535,0.0,0.0,0.0,0.0,0.0,0.0,,
244,0.5,2,True,False,False,False,False,False,False,False,False,False,False,True,False,False,False,False,0.31868131868131866,0.0,0.0,0.0,0.0,0.0,0.0,,
244,0.06,2,True,False,False,False,False,False,False,False,False,False,False,False,True,False,False,False,0.3217391304347826,0.0,0.0,0.0,0.0,0.0,0.0,,
244,0.55,2,True,False,False,False,False,False,False,False,False,False,False,False,False,True,False,False,0.3672316384180791,0.0,0.0,0.0,0.0,0.0,0.0,,
244,0.65,2,True,False,False,False,False,False,False,False,False,False,False,False,False,False,True,False,0.4,0.0,0.0,0.0,0.0,0.0,0.0,,
261,0.35,3,False,True,False,False,False,False,True,False,False,False,False,False,False,False,False,False,0.20555555555555555,0.0,0.0,0.0,0.0,0.0,0.0,10.0,3.0
261,0.08,3,False,True,False,False,False,False,False,False,True,False,False,False,False,False,False,False,0.22857142857142856,0.0,0.0,0.0,0.0,0.0,0.0,10.0,3.0
261,0.45,3,False,True,False,False,False,False,False,False,False,False,True,False,False,False,False,False,0.18137254901960784,0.0,0.0,0.0,0.0,0.0,0.0,10.0,3.0
261,0.06,3,False,True,False,False,False,False,False,False,False,False,False,False,True,False,False,False,0.33076923076923076,0.0,0.0,0.0,0.0,0.0,0.0,10.0,3.0
261,0.55,3,False,True,False,False,False,False,False,False,False,False,False,False,False,True,False,False,0.3380952380952381,0.0,0.0,0.0,0.0,0.0,0.0,10.0,3.0
261,0.65,3,False,True,False,False,False,False,False,False,False,False,False,False,False,False,True,False,0.3114754098360656,0.0,0.0,0.0,0.0,0.0,0.0,,
261,2.1,3,False,True,False,False,False,False,False,False,False,False,False,False,False,False,False,True,0.39080459770114945,0.0,0.0,0.0,0.0,0.0,0.0,,
313,0.08,3,False,True,False,False,False,False,False,False,True,False,False,False,False,False,False,False,0.2465753424657534,0.0,0.0,0.0,0.0,0.0,0.0,,
313,0.75,3,False,True,False,False,False,False,False,False,False,True,False,False,False,False,False,False,0.17333333333333334,0.0,0.0,0.0,0.0,0.0,0.0,,
313,0.45,3,False,True,False,False,False,False,False,False,False,False,True,False,False,False,False,False,0.14285714285714285,0.0,0.0,0.0,0.0,0.0,0.0,,
313,0.5,3,False,True,False,False,False,False,False,False,False,False,False,True,False,False,False,False,0.20727272727272728,0.0,0.0,0.0,0.0,0.0,0.0,,
313,0.06,3,False,True,False,False,False,False,False,False,False,False,False,False,True,False,False,False,0.16025641025641027,0.0,0.0,0.0,0.0,0.0,0.0,,
131,0.35,1,False,False,True,False,False,False,True,False,False,False,False,False,False,False,False,False,0.2891566265060241,0.0,0.0,0.0,0.0,0.0,0.0,10.0,3.0
131,0.8,1,False,False,True,False,False,False,False,True,False,False,False,False,False,False,False,False,0.4,0.0,0.0,0.0,0.0,0.0,0.0,10.0,3.0
131,0.08,1,False,False,True,False,False,False,False,False,True,False,False,False,False,False,False,False,0.4098360655737705,0.0,0.0,0.0,0.0,0.0,0.0,10.0,3.0
131,0.55,1,False,False,True,False,False,False,False,False,False,False,False,False,False,True,False,False,0.47,0.0,0.0,0.0,0.0,0.0,0.0,10.0,3.0
131,2.1,1,False,False,True,False,False,False,False,False,False,False,False,False,False,False,False,True,0.2976190476190476,0.0,0.0,0.0,0.0,0.0,0.0,,
332,0.75,3,False,False,False,True,False,False,False,False,False,True,False,False,False,False,False,False,0.16463414634146342,0.0,0.0,0.0,0.0,0.0,0.0,,
332,0.45,3,False,False,False,True,False,False,False,False,False,False,True,False,False,False,False,False,0.2578397212543554,0.0,0.0,0.0,0.0,0.0,0.0,,
332,0.5,3,False,False,False,True,False,False,False,False,False,False,False,True,False,False,False,False,0.3498233215547703,0.0,0.0,0.0,0.0,0.0,0.0,,
332,0.65,3,False,False,False,True,False,False,False,False,False,False,False,False,False,False,True,False,0.1419753086419753,0.0,0.0,0.0,0.0,0.0,0.0,,
327,0.35,3,False,False,False,True,False,False,True,False,False,False,False,False,False,False,False,False,0.4608294930875576,0.0,0.0,0.0,0.0,0.0,0.0,,
327,0.8,3,False,False,False,True,False,False,False,True,False,False,False,False,False,False,False,False,0.4533333333333333,0.0,0.0,0.0,0.0,0.0,0.0,,
327,0.45,3,False,False,False,True,False,False,False,False,False,False,True,False,False,False,False,False,0.2840466926070039,0.0,0.0,0.0,0.0,0.0,0.0,,
327,0.55,3,False,False,False,True,False,False,False,False,False,False,False,False,False,True,False,False,0.2768166089965398,0.0,0.0,0.0,0.0,0.0,0.0,,
327,2.1,3,False,False,False,True,False,False,False,False,False,False,False,False,False,False,False,True,0.26595744680851063,0.0,0.0,0.0,0.0,0.0,0.0,,
321,0.35,3,False,False,False,False,True,False,True,False,False,False,False,False,False,False,False,False,0.2175925925925926,0.0,0.0,0.0,0.0,0.0,0.0,,
321,0.8,3,False,False,False,False,True,False,False,True,False,False,False,False,False,False,False,False,0.22826086956521738,0.0,0.0,0.0,0.0,0.0,0.0,,
321,0.5,3,False,False,False,False,True,False,False,False,False,False,False,True,False,False,False,False,0.24295774647887325,0.0,0.0,0.0,0.0,0.0,0.0,,
321,0.06,3,False,False,False,False,True,False,False,False,False,False,False,False,True,False,False,False,0.35795454545454547,0.0,0.0,0.0,0.0,0.0,0.0,,
321,0.55,3,False,False,False,False,True,False,False,False,False,False,False,False,False,True,False,False,0.32677165354330706,0.0,0.0,0.0,0.0,0.0,0.0,,
321,0.65,3,False,False,False,False,True,False,False,False,False,False,False,False,False,False,True,False,0.38311688311688313,0.0,0.0,0.0,0.0,0.0,0.0,,
321,2.1,3,False,False,False,False,True,False,False,False,False,False,False,False,False,False,False,True,0.31693989071038253,0.0,0.0,0.0,0.0,0.0,0.0,,
311,0.08,3,False,False,False,False,True,False,False,False,True,False,False,False,False,False,False,False,0.4457831325301205,0.0,0.0,0.0,0.0,0.0,0.0,,
311,0.75,3,False,False,False,False,True,False,False,False,False,True,False,False,False,False,False,False,0.4304635761589404,0.0,0.0,0.0,0.0,0.0,0.0,,
311,0.45,3,False,False,False,False,True,False,False,False,False,False,True,False,False,False,False,False,0.1615720524017467,0.0,0.0,0.0,0.0,0.0,0.0,,
311,0.5,3,False,False,False,False,True,False,False,False,False,False,False,True,False,False,False,False,0.20512820512820512,0.0,0.0,0.0,0.0,0.0,0.0,,
311,0.06,3,False,False,False,False,True,False,False,False,False,False,False,False,True,False,False,False,0.2874251497005988,0.0,0.0,0.0,0.0,0.0,0.0,10.0,3.0
311,2.1,3,False,False,False,False,True,False,False,False,False,False,False,False,False,False,False,True,0.2182741116751269,0.0,0.0,0.0,0.0,0.0,0.0,10.0,3.0
152,0.35,1,False,False,False,False,False,True,True,False,False,False,False,False,False,False,False,False,0.33695652173913043,0.0,0.0,0.0,0.0,0.0,0.0,10.0,3.0
152,0.8,1,False,False,False,False,False,True,False,True,False,False,False,False,False,False,False,False,0.3855421686746988,0.0,0.0,0.0,0.0,0.0,0.0,10.0,3.0
152,0.08,1,False,False,False,False,False,True,False,False,True,False,False,False,False,False,False,False,0.1643835616438356,0.0,0.0,0.0,0.0,0.0,0.0,10.0,3.0
152,0.65,1,False,False,False,False,False,True,False,False,False,False,False,False,False,False,True,False,0.24358974358974358,0.0,0.0,0.0,0.0,0.0,0.0,10.0,3.0
340,0.08,3,False,True,False,False,False,False,False,False,True,False,False,False,False,False,False,False,0.3179190751445087,0.0,0.0,0.0,0.0,0.0,0.0,10.0,3.0
340,0.5,3,False,True,False,False,False,False,False,False,False,False,False,True,False,False,False,False,0.3333333333333333,0.0,0.0,0.0,0.0,0.0,0.0,10.0,3.0
340,0.55,3,False,True,False,False,False,False,False,False,False,False,False,False,False,True,False,False,0.21241830065359477,0.0,0.0,0.0,0.0,0.0,0.0,10.0,3.0
340,0.65,3,False,True,False,False,False,False,False,False,False,False,False,False,False,False,True,False,0.35119047619047616,0.0,0.0,0.0,0.0,0.0,0.0,10.0,3.0
340,2.1,3,False,True,False,False,False,False,False,False,False,False,False,False,False,False,False,True,0.275,0.0,0.0,0.0,0.0,0.0,0.0,10.0,3.0
317,0.8,3,False,True,False,False,False,False,False,True,False,False,False,False,False,False,False,False,0.422360248447205,0.0,0.0,0.0,0.0,0.0,0.0,10.0,3.0
317,0.75,3,False,True,False,False,False,False,False,False,False,True,False,False,False,False,False,False,0.2413793103448276,0.0,0.0,0.0,0.0,0.0,0.0,,
317,0.5,3,False,True,False,False,False,False,False,False,False,False,False,True,False,False,False,False,0.14453125,0.0,0.0,0.0,0.0,0.0,0.0,,
317,2.1,3,False,True,False,False,False,False,False,False,False,False,False,False,False,False,False,True,0.19270833333333334,0.0,0.0,0.0,0.0,0.0,0.0,,
152,0.35,1,False,False,True,False,False,False,True,False,False,False,False,False,False,False,False,False,0.2087912087912088,0.0,0.0,0.0,0.0,0.0,0.0,,
152,0.08,1,False,False,True,False,False,False,False,False,True,False,False,False,False,False,False,False,0.2857142857142857,0.0,0.0,0.0,0.0,0.0,0.0,,
152,0.45,1,False,False,True,False,False,False,False,False,False,False,True,False,False,False,False,False,0.1746031746031746,0.0,0.0,0.0,0.0,0.0,0.0,,
152,0.5,1,False,False,True,False,False,False,False,False,False,False,False,True,False,False,False,False,0.421875,0.0,0.0,0.0,0.0,0.0,0.0,,
152,0.65,1,False,False,True,False,False,False,False,False,False,False,False,False,False,False,True,False,0.18292682926829268,0.0,0.0,0.0,0.0,0.0,0.0,,
159,0.8,1,False,False,True,False,False,False,False,True,False,False,False,False,False,False,False,False,0.17333333333333334,0.0,0.0,0.0,0.0,0.0,0.0,,
159,0.08,1,False,False,True,False,False,False,False,False,True,False,False,False,False,False,False,False,0.1891891891891892,0.0,0.0,0.0,0.0,0.0,0.0,,
159,0.45,1,False,False,True,False,False,False,False,False,False,False,True,False,False,False,False,False,0.2755905511811024,0.0,0.0,0.0,0.0,0.0,0.0,,
159,0.5,1,False,False,True,False,False,False,False,False,False,False,False,True,False,False,False,False,0.4830508474576271,0.0,0.0,0.0,0.0,0.0,0.0,,
159,0.06,1,False,False,True,False,False,False,False,False,False,False,False,False,True,False,False,False,0.3472222222222222,0.0,0.0,0.0,0.0,0.0,0.0,,
159,0.55,1,False,False,True,False,False,False,False,False,False,False,False,False,False,True,False,False,0.392,0.0,0.0,0.0,0.0,0.0,0.0,,
348,0.35,3,False,False,False,True,False,False,True,False,False,False,False,False,False,False,False,False,0.2557077625570776,0.0,0.0,0.0,0.0,0.0,0.0,,
348,0.8,3,False,False,False,True,False,False,False,True,False,False,False,False,False,False,False,False,0.3352272727272727,0.0,0.0,0.0,0.0,0.0,0.0,10.0,4.0
348,0.75,3,False,False,False,True,False,False,False,False,False,True,False,False,False,False,False,False,0.2185792349726776,0.0,0.0,0.0,0.0,0.0,0.0,10.0,4.0
348,0.45,3,False,False,False,True,False,False,False,False,False,False,True,False,False,False,False,False,0.22137404580152673,0.0,0.0,0.0,0.0,0.0,0.0,10.0,4.0
